{"file_hashes":[{"block_hashes":["iicXnYCIgyZ5/PMDMNJjmd7Q9BqWYg6X+6VROrOVU9A="],"block_size":4096,"path":"devtools.html"},{"block_hashes":["+lF1TdI2K42Czf0I6VDeedaJvCR0AKeBPhxi8j1Y+ag="],"block_size":4096,"path":"devtools.js"},{"block_hashes":["vk8bydKdfDqMfth5YVqjae1ILcuW6JjT8iCdS8vIpcw=","As44pMkXIup8GT4a8bl8e0ty30lq0zkP9NAyL8Z3AZc=","EYlfbj8dKVwjJXSrDHLcsMUiqazbI1F6RoZ/3Peousk=","6qCykwwD/D7eys15JXbHIeGhbjV8Jlj8Uv6IYO6QRwg="],"block_size":4096,"path":"gen/browser-ext-bootstrap.js"},{"block_hashes":["L1mN01RCtcpbui+T4MyoWVM0lKRoweubKamuE6936BI=","K8dOsE/6JRe+fp37p7IFjstUgWQlcJfEWDImpXisZOA=","ELTIXAMScuaXPh+bovn+QmzI9mc0gSuWsLXTLMiU3aY=","CNGu2HtZqw/KYI/BUwpQfc+0f8kSTeVgSqg9jVWODV8=","tbxwvLYd9HsO4gynoO1p4D3NgXy3qwmCJrntc3azuu4=","9u4FWm1r7ODF2Vou708jlgRt8Zo3YU8WcIPsQWpXkKE=","TQFDY4wAamYjvPS8J+n9M4TTAayFlr5vvcghK6iZGEQ=","56TY5V/7RqfZbVxah8VaCvcg67d8cfnD9h/QyY1h5Gw=","TUpEz3VY5HBVHjLwaXDi0xTWPAilOc5bZHu8XTEdVQE=","1/uUfTnV6dsfanCS4ynTAOD5W2kQbDtydzBQ4I2tyPE=","7oYWCEjHesmZiUYKEebQKIThw47XmnQNv+gNZ8+FIkg="],"block_size":4096,"path":"gen/browser-ext-platform.js"},{"block_hashes":["cLAFCyhEWlamMnzPMhYAKS5lFx227zeWpSJfzS+e9cY="],"block_size":4096,"path":"gen/chrome-ext-options-ui.js"},{"block_hashes":["So/1mIOcsuIHYQudcVqgstAucZpQOXXRpD+AOkvZP78="],"block_size":4096,"path":"gen/chrome-ext-options.js"},{"block_hashes":["GOH9VKZAl7QPin2HQSdxN3TsvFZHqXyQd2Y3hCwAjsw=","NYNy2g0AnCKf+q4wRGAz+jIzIddjs6zS62f+km7pfw0=","aBIFPlmxvdo3rU1Z6E/Twnw8GzdMb0jQyhn+1UGU2So=","vl4VhR4le9o/s6UeAfYOsaoWaDSCmEJPpdNDQQmDYKU=","09VdYQmVQLk+jmZ7Y/OwEmf1m0jYuxK78HOvd/T0Rr4=","YNnUpm6SaGIq3eOYVbhU+dnlXisyP59GLsp6WqnTGmk=","JL9c8R7BAbnIbV7PM+9xGZhGFcejvYKe8/QTPxbTr6Q=","4PUqhFG0zK5i0QUuXpx++ZOLSff1FEWSl8WcfRCmBcY=","QwtFrzadtGIbKbzpsekpmEdqt6c0HWgrLd/cWrwa3lc=","JMFPuonlbyVniRHZq1phTTeRKl/ZDYqfgaK3fmwO4LA=","y/hV8K4Pg238Zr7Bh9Iv1V3AcC1oyXz906VmoaiygzA=","16EtIFRC+BM1F5Xlmo8qKSxpYXxbdm6ktdZcXheWZBc=","zMPU1q0609Rpk3beswZErA5zXS7bsdmfccsCFzuVC2U=","E37Hm54yQ30/vzbDFFf1WpC8kMHzM0kFZ+lAYrZn1iM="],"block_size":4096,"path":"gen/chrome-ext.js"},{"block_hashes":["/QIp40INuaYJMR2NAtidJZwpGdu4SSsPjtZcIySTBZo=","IpH+BYQKqikoX6x7dYHbWIfLk3we/h41TyT6BRjRne0=","bxYAiBQUYI0skkM0seetPs/fvL6Er/4uDL2d5+NNVuU=","1kMLxqCyP2FM0zUF3bUV6ZbMJ26rc1YfFCjxxpioXyU=","R2pmswX59YrgDZU8lw0FEoRhKmbIl8N0gCKorN3+HI4=","vyWMr0eLlarYyca7vMKrbksESzrrOnhYrblAnaMZlJo=","zHeiS3i7EgoosQY4qtyxWfd2TUgoqrMXKgSnTIDqUi0="],"block_size":4096,"path":"gen/jb-chrome-ext-api.js"},{"block_hashes":["oH/kKtgwr8PT8JWGgobSTJ9+hguDR/cA3AORF4dJEhA=","Y/qX5PsQU1AiunQZm6+CdMNd1LzIRaZRAGqLRUUElJw=","IC6lGCSqSYjoX3BXGe/qPsPCiWo9SPV+/t2NxZ833vc=","M6ocIm8q7BvGZvbNh9rS8gsv6lsk6uSyi9zUq1T/D3g=","zjsyCNKL2K7uQrJqYICqiZcXgk9zh0gNK609q6jvbUU=","Cx6E08BAmpRBM8UwZcISQWJWel7B94AW+/lqyz7dibY=","sDPxN6bsD5JvMnqwgGfhJTAqSh95ryMTFcyNC/Zgc+A=","7iJFjdUAB6KnPXRAUMi6gwYkbLodraqGySYVGg9oNxU=","hIZ4VMK4W01ncioanZJ9AW1V9AGROMLigWh9R+QYSYU=","p6qVq9qwGzOK5YRtxuNy1kfxlt84MX+r3k2mZU7St9Y=","Fc2XEwtsTaqeL7W2J2I1qInJKazdpiaI5/aSTeko7T4=","HoUhXgBb5IMp96XAYT4epAI5Zghc+OPAGknuQRRob4o=","iifqjjdWu+bNiWwD3PeqVxnLNvDv0uvCuAzm6Cy/idE=","kOXdYIzpBwYYrj/lKroBF6nyBdyvYPqSKSBJ/5YD/Pc=","9VfZOebztLZ5u7blVLRTRM5010L3AChnKaJNDK9v2fg=","XSopIKkdpV4CmaHIuWHzLU0JA8fnVZAhI6TZKmiYuZk=","dQaY0uDh+8QxJq6jLQq/VEB3tEhXXAqFfxE8wAFGSqg=","EE7PWNdCFEsZO5WDl+QfEzbV5sH6hoWqYnrvVrdBcgE=","Y+MvoH6hWqZRLBmLA0P8airpaqOzrvbO4u/Cdwpb9Qw=","w2ViR/q6k6oUx2a/l2AP31DvsKiaupevuLGZ/tFl/1k=","G0C4b8eGLnq2ib1uETH2DX+jKJde46F9Y9OGz+X5Fk0=","+2Ob/TqP7824Kqd15lxNcH76Nz4/f5ZSuXvrl7t/xmI=","E7N2yW+pPX67cCieaFcDVNf9Rfs/AyGwdbfngveaWow=","NocypeSYQ6krrQbvO1jn8XUVAhCdKqUgMLto203js7Q=","s5iqautXj7xfi3LZF5Grm7785iFBm1ionf17auIx/VE=","5m6C2QxLjlvY0flbbhb3VJa128XTlYzegjkEQst0mwQ=","fefUA09lqRFsv1bC7vWPME3M/d5jAzLdTcwXA0Ok/Fs=","D3IkZb/jCji2GyPJ1O1rBJxXPMYQO45G7dxwAfLLXeI=","aaRka+IqZvVAY8bJcpaiFsgUWE5bvnIeAaZDdlfVmMo=","IG9Q4xS+/d5Hd4Mvl3+7HTXV6q8B/cO7tHpWybNCdPA=","wH6qwIqLYNrwDKzxTIBjCI8twE+wKV+78o+COmMQ2uA=","atkldEP7fbzo+ycF7BD4ErjPS8DTGUml9emJ7dF/j8w=","FDXiKpKIOUd227t6tH2r/o9Tnm35qwwgjZnxI3P+hoY=","T1sIPhlZGb6dogOvuX/ETL5iLGcAxeev316YhQ9ANGU=","zPsE3Du7xAZVvQ2iEy6pLxV9BgliPfkT69qXSFD2OKY=","TQjkCZYlQAZjLj3aTMqyN34yEBCKm1NVkMFwQloLn7A=","crxgb49QfvAsxDETxMt2BQD50x9kWxRYXUGXhaSz480=","dBkd/4eQntERvDCxMV91vhZL8I5lYjXdvimtikhyvzk=","H2yTo0bmXSsgRB27e82jxsaV8MSXBlcMzRE9zwZ/jZg=","u9M0y+yIfoDr8LW/m2no+g3iOG197ixrbhFc6lE8X4M=","5FrPx9HJ3MCs4GQROGpA1mjAT72bFBnGZJ3+wm/Yr34=","iG9fHCAP9m2FEzNvcoMgwZF3GnzY1IdM80e5XO59+Q4=","h4mvGtdjNDGowgYvK0ZPMRnaGWAqFFjdpQkbn4FVyRk=","Hm/hL/yGkQe+1ww8T+k2HXVrHRwFHF5shjYj0rklOV4=","X+mDHb0KFOEhcxslD3sNRgnIK5S16D95yAzS1nbOBHM=","C1CRIyNDTkTOqOgRrxHrap7sNTJhCGRhHKmxkNKlOg4=","8deQIZaRmHeGOhLZ9Dfxd5hGI8pKvXZmIWpFibZXmVA=","13FpY7DpcrpfVGLV0mcpYn98g5+wx1+N03u2KoFpxTM=","G8+otJPASyGdo4On9Z9v0zifUzKJv8Pf67uU3SC6N2c=","Jed7sueif2ubjNKzJeBLg3HndQ61PRLv/qY5smEjumg=","7UzhxyS57lVcvgZQVIum3iBqi79NCPfcBXq7RBX+cGg=","aE04mSrbp3dusMuvjJnrf3vqxGHVJZ+cwkuxDatlfCc=","H4wB2D0zidx/DJziwLxZSYKqFKaCNl9/aDWT2lWhO/Y=","KKB7tRRidhnNyFbD+wrT0lQy3N7ANrmfosatcDa4isk="],"block_size":4096,"path":"gen/kotlin.js"},{"block_hashes":["lRkzrtGNcsNFPYNmy218hyvRwM1UOASpk4i41dnmjfE="],"block_size":4096,"path":"lib.js"},{"block_hashes":["JPqIf7Wi3b88+yv0fpdO3mSzz4v1VtuJxszqKJeSLrc="],"block_size":4096,"path":"loading.html"},{"block_hashes":["j86lZMmzRTva/e4Fl/wb2ASA3BofPcPf+Mg8w25hRpM="],"block_size":4096,"path":"loading.js"},{"block_hashes":["99tWnjIILyLEw38LImqnAVS/CSIaCjlZMzf+fybNpBU="],"block_size":4096,"path":"options.html"},{"block_hashes":["vee2NOb60/pdlZO0nRmY8cETdSfjampvlUZDcKdV95Q="],"block_size":4096,"path":"options/chrome_shared.css"},{"block_hashes":["OHElEIDZEAWJbDUhKEqAEfJFxwVpM9cBatXX7Q09WIo=","1EXOKSQU5CqKj1ZlJX/82KGUnZkcC2VLeyMjpdHtU3M=","pK9Dq0Nmx16zd5MG6L8/qugT4rXdvUgOCVwzWAO8teE="],"block_size":4096,"path":"options/widgets.css"}],"version":2}